<DATE>	<OPEN>	<HIGH>	<LOW>	<CLOSE>	<TICKVOL>	<VOL>	<SPREAD>
2024.01.01	14235.6400	14373.8720	14148.3760	14317.2190	84739	0	1410
2024.01.02	14317.2190	14379.3220	14136.1020	14153.6920	84726	0	1410
2024.01.03	14153.6700	14255.6720	14029.5460	14229.9280	84763	0	1400
2024.01.04	14229.9160	14293.1650	14058.7690	14105.1700	84674	0	1400
2024.01.05	14105.1280	14249.1980	14010.1820	14158.1340	84657	0	1400
2024.01.06	14158.1280	14258.2330	14092.1790	14173.5820	84736	0	1400
2024.01.07	14173.5740	14333.9530	14098.8580	14199.2220	84760	0	1410
2024.01.08	14199.2070	14228.4170	14015.7100	14045.3140	84669	0	1400
2024.01.09	14045.3040	14209.8280	14009.2460	14130.1370	84735	0	1400
2024.01.10	14130.1350	14183.7480	14039.7730	14045.2400	84729	0	1400
2024.01.11	14045.2330	14202.8280	14019.7460	14197.1840	84657	0	1400
2024.01.12	14197.1650	14218.1830	13894.7050	13917.9030	84701	0	1380
2024.01.13	13917.8860	13999.8530	13827.9720	13866.5200	84624	0	1380
2024.01.14	13866.4850	14056.2980	13790.1330	13839.0770	84450	0	1370
2024.01.15	13839.0530	13846.7340	13640.6030	13649.0970	84194	0	1360
2024.01.16	13649.0950	13751.8540	13465.4790	13465.4790	84562	0	1340
2024.01.17	13465.4720	13465.4720	13242.3640	13242.3640	84696	0	1320
2024.01.18	13242.3610	13534.7230	13221.0040	13494.1610	84607	0	1320
2024.01.19	13494.1410	13555.0730	13330.8310	13336.2930	84705	0	1330
2024.01.20	13336.2790	13581.3360	13294.0710	13570.2420	84585	0	1320
2024.01.21	13570.2160	13719.4230	13494.6190	13630.3000	84619	0	1340
2024.01.22	13630.2890	14063.9970	13615.6810	14049.2940	84676	0	1360
2024.01.23	14049.2870	14108.1110	13877.7520	14016.2710	84718	0	1380
2024.01.24	14016.2550	14146.2190	13908.4690	13957.6700	84758	0	1390
2024.01.25	13957.6560	14097.7470	13910.4460	13910.4460	84619	0	1390
2024.01.26	13910.4370	13943.3970	13677.6060	13750.3560	84642	0	1360
2024.01.27	13750.3430	13750.3430	13591.1200	13637.2350	84658	0	1350
2024.01.28	13637.2310	13723.7180	13432.3890	13521.2040	84613	0	1340
2024.01.29	13521.1960	13542.3570	13281.1800	13539.6660	84613	0	1320
2024.01.30	13539.6430	13558.1980	13344.4890	13532.7270	83713	0	1330
2024.01.31	13532.7160	13678.7210	13399.4710	13660.9120	84689	0	1340
2024.02.01	13660.9110	13748.2290	13599.0910	13738.1340	84586	0	1360
2024.02.02	13738.1180	13925.6530	13692.5520	13858.5050	84572	0	1360
2024.02.03	13858.4950	13899.8430	13702.6090	13702.6090	84629	0	1370
2024.02.04	13702.6080	13941.7130	13688.8600	13816.7740	84656	0	1360
2024.02.05	13816.7460	13851.8500	13639.0850	13654.6830	84551	0	1360
2024.02.06	13654.6780	13879.5530	13598.9540	13876.7980	84628	0	1360
2024.02.07	13876.7820	13999.8200	13755.0820	13968.6710	84664	0	1370
2024.02.08	13968.6590	14060.6200	13882.3870	14019.2400	84751	0	1380
2024.02.09	14019.2310	14295.6390	13989.5280	14111.3590	84647	0	1390
2024.02.10	14111.3320	14393.2520	14100.1270	14384.6570	84673	0	1410
2024.02.11	14384.6530	14473.4890	14285.2950	14324.2300	84725	0	1420
2024.02.12	14324.2260	14483.9220	14216.1810	14459.1470	84763	0	1420
2024.02.13	14459.1260	14492.0270	14190.9990	14248.5020	84717	0	1410
2024.02.14	14248.5020	14320.1540	14075.8280	14075.8280	84650	0	1400
2024.02.15	14075.8210	14271.8790	14048.6200	14216.4500	84637	0	1400
2024.02.16	14216.4350	14350.1770	14160.1170	14327.2240	84774	0	1410
2024.02.17	14327.2100	14413.7620	14055.8020	14138.3050	84724	0	1400
2024.02.18	14138.2920	14175.2220	14021.2760	14118.8900	84431	0	1400
2024.02.19	14118.8860	14251.6000	14063.8120	14187.5370	84729	0	1400
2024.02.20	14187.5340	14198.5080	13999.1970	14068.4570	84709	0	1400
2024.02.21	14068.4530	14092.8840	13929.8300	14022.4690	84662	0	1390
2024.02.22	14022.4560	14022.4560	13810.6970	13811.1350	84654	0	1380
2024.02.23	13811.1220	14057.9400	13760.5250	13949.9300	84734	0	1370
2024.02.24	13949.9160	14024.1720	13783.9450	13830.9800	84774	0	1370
2024.02.25	13830.9790	13849.8890	13567.5120	13588.1410	84598	0	1350
2024.02.26	13588.1030	13754.6660	13544.4400	13659.2220	84646	0	1350
2024.02.27	13659.1860	13802.9280	13537.8220	13579.2740	84648	0	1350
2024.02.28	13579.2650	13709.3790	13546.5250	13578.3160	84658	0	1350
2024.02.29	13578.2940	13837.8100	13558.1380	13808.5020	84712	0	1350
2024.03.01	13808.4960	13808.4960	13535.4740	13631.2210	84654	0	1350
2024.03.02	13631.1940	13827.0150	13605.4480	13798.0770	84696	0	1360
2024.03.03	13798.0660	13934.6540	13699.7010	13894.0340	84671	0	1370
2024.03.04	13894.0130	13920.7850	13724.4630	13854.4270	84651	0	1370
2024.03.05	13854.4190	13940.6930	13780.9610	13836.0690	84685	0	1370
2024.03.06	13836.0660	13882.5270	13659.0280	13710.5700	84618	0	1360
2024.03.07	13710.5660	13982.3800	13659.2840	13818.1600	84673	0	1360
2024.03.08	13818.1590	13898.4620	13680.7440	13876.5490	84665	0	1360
2024.03.09	13876.5440	13958.1940	13759.5270	13910.2850	84587	0	1370
2024.03.10	13910.2760	13960.6080	13799.9260	13944.0170	84632	0	1380
2024.03.11	13944.0120	14028.4580	13872.5650	13885.1650	84768	0	1380
2024.03.12	13885.1360	13984.2400	13801.2220	13849.0610	84718	0	1380
2024.03.13	13849.0460	14055.1640	13821.5290	14039.7670	84592	0	1380
2024.03.14	14039.7450	14106.8910	13937.8610	13986.9090	84623	0	1390
2024.03.15	13986.8930	14081.7920	13909.1570	14066.4380	84701	0	1390
2024.03.16	14066.4280	14152.9010	13985.1360	14111.3140	84745	0	1390
2024.03.17	14111.3050	14235.0710	14066.2040	14170.9510	84384	0	1400
2024.03.18	14170.9360	14267.0480	14102.5990	14264.0770	84704	0	1410
2024.03.19	14264.0680	14420.9340	14214.2110	14371.5620	84731	0	1420
2024.03.20	14371.5350	14375.3700	14176.4720	14249.1290	84713	0	1410
2024.03.21	14249.1210	14283.9830	14034.0670	14078.7200	84738	0	1400
2024.03.22	14078.7020	14199.4560	13931.6750	14055.5500	84769	0	1390
2024.03.23	14055.5360	14149.7960	13958.7470	13974.6980	84630	0	1390
2024.03.24	13974.6830	14042.7860	13850.6020	14015.7450	84658	0	1380
2024.03.25	14015.7220	14061.6710	13892.2570	13892.2570	84661	0	1380
2024.03.26	13892.2350	14154.0370	13883.7140	14144.7250	84666	0	1380
2024.03.27	14144.7140	14162.4960	14006.9280	14090.7600	84739	0	1400
2024.03.28	14090.7420	14164.8310	13967.9870	14106.0070	84704	0	1390
2024.03.29	14106.0040	14106.0040	13943.0410	14033.1520	84680	0	1390
2024.03.30	14033.1230	14189.3120	13962.6200	13973.3570	84645	0	1390
2024.03.31	13973.3420	13973.3420	13808.6820	13848.4610	84750	0	1380
2024.04.01	13848.4410	13984.8390	13723.1330	13903.4950	84685	0	1370
2024.04.02	13903.4950	13914.2100	13606.2150	13700.4120	84651	0	1360
2024.04.03	13700.4100	13850.4900	13658.2890	13849.1150	84676	0	1360
2024.04.04	13849.1060	13980.8080	13708.7750	13884.0460	84675	0	1370
2024.04.05	13884.0180	13910.1140	13674.6080	13674.6080	84686	0	1360
2024.04.06	13674.5970	13694.4310	13416.4390	13416.4390	84683	0	1340
2024.04.07	13416.4230	13597.2800	13297.9550	13564.7800	84613	0	1330
2024.04.08	13564.7730	13564.7730	13306.0580	13452.2300	84639	0	1330
2024.04.09	13452.2210	13629.2320	13450.7400	13488.1950	84657	0	1340
2024.04.10	13488.1710	13499.7690	13354.3940	13443.2760	84536	0	1330
2024.04.11	13443.2700	13476.7470	13182.6560	13213.0840	84668	0	1310
2024.04.12	13213.0710	13401.6610	13164.9500	13389.4530	84662	0	1310
2024.04.13	13389.4350	13658.1760	13386.7800	13475.0900	84653	0	1330
2024.04.14	13475.0740	13744.4610	13458.5980	13734.0020	84421	0	1340
2024.04.15	13733.9800	13930.9070	13705.6540	13705.6540	84600	0	1370
2024.04.16	13705.6440	13794.0310	13556.2730	13601.8490	84697	0	1350
2024.04.17	13601.8430	13831.4380	13508.1650	13770.3530	84553	0	1350
2024.04.18	13770.3350	13876.7190	13625.9260	13845.7080	84662	0	1360
2024.04.19	13845.6850	14041.9320	13819.3410	13920.5070	84763	0	1380
2024.04.20	13920.5000	14243.0000	13911.7390	14129.2950	84698	0	1390
2024.04.21	14129.2920	14363.9660	14104.6200	14312.9960	84693	0	1410
2024.04.22	14312.9900	14314.6610	14091.7670	14142.6610	84734	0	1400
2024.04.23	14142.6600	14345.7520	14041.4030	14328.0550	84712	0	1400
2024.04.24	14328.0190	14691.8690	14305.1790	14651.8480	84770	0	1430
2024.04.25	14651.8390	14861.4330	14584.6690	14634.7580	84764	0	1450
2024.04.26	14634.7270	14710.5250	14517.4810	14620.4890	84705	0	1450
2024.04.27	14620.4820	14684.4480	14488.1420	14646.6200	84764	0	1440
2024.04.28	14646.6110	14917.3340	14539.4880	14904.0590	84697	0	1450
2024.04.29	14904.0350	14942.5360	14682.1540	14778.8190	84823	0	1460
2024.04.30	14778.7940	14875.7160	14638.7450	14813.1820	84780	0	1460
2024.05.01	14813.1670	14843.6200	14533.2440	14594.0760	84721	0	1450
2024.05.02	14594.0730	14670.0260	14367.2640	14666.4110	84737	0	1430
2024.05.03	14666.3820	14794.1340	14393.3360	14431.4190	84709	0	1430
2024.05.04	14431.4080	14954.2720	14419.6850	14850.8650	84764	0	1440
2024.05.05	14850.8490	15103.9400	14775.6060	15091.4080	84867	0	1470
2024.05.06	15091.3830	15252.4380	14987.3830	15217.7210	84705	0	1490
2024.05.07	15217.7080	15292.0490	15119.9380	15257.3470	84819	0	1510
2024.05.08	15257.3240	15493.3250	15255.4940	15302.9850	84812	0	1520
2024.05.09	15302.9760	15579.0540	15158.1020	15565.5650	84791	0	1510
2024.05.10	15565.5630	15664.4150	15534.0580	15616.9820	84923	0	1550
2024.05.11	15616.9680	15780.6340	15558.1320	15722.7160	84875	0	1550
2024.05.12	15722.7130	15722.7130	15500.0030	15652.3970	84895	0	1550
2024.05.13	15652.3880	15954.9540	15650.2390	15929.7170	84101	0	1560
2024.05.14	15929.7020	16005.7780	15778.0410	15867.0130	84882	0	1570
2024.05.15	15866.9920	15969.2860	15754.7880	15803.4900	84874	0	1570
2024.05.16	15803.4810	16185.2320	15776.5090	16127.2630	84922	0	1570
2024.05.17	16127.2580	16221.5710	15917.0430	15997.8410	84883	0	1590
2024.05.18	15997.8310	16250.0730	15977.0340	16007.0610	84902	0	1590
2024.05.19	16007.0590	16232.8950	15977.3160	16060.0190	84671	0	1590
2024.05.20	16059.9900	16343.2470	15995.8420	16333.4700	84909	0	1590
2024.05.21	16333.4670	16349.7630	15855.2220	15859.4190	84902	0	1580
2024.05.22	15859.4190	16085.0320	15760.3090	15917.2380	84858	0	1570
2024.05.23	15917.2330	16240.7550	15866.5690	16234.5220	84890	0	1580
2024.05.24	16234.5130	16271.2270	16003.8400	16123.8830	84922	0	1600
2024.05.25	16123.8470	16123.8470	15882.7870	15934.5050	84824	0	1580
2024.05.26	15934.4810	16114.0220	15896.2460	15924.1300	84883	0	1580
2024.05.27	15924.1280	16447.0900	15912.3260	16447.0310	83874	0	1590
2024.05.28	16447.0270	16701.2240	16363.1420	16692.6060	84912	0	1630
2024.05.29	16692.5990	16768.5660	16538.8950	16569.4560	84938	0	1650
2024.05.30	16569.4450	16630.5240	16377.4740	16377.4740	84950	0	1630
2024.05.31	16377.4430	16452.7970	16242.9230	16277.6840	84873	0	1620
2024.06.01	16277.6590	16408.7750	16135.7170	16265.0380	84899	0	1610
2024.06.02	16265.0340	16280.5010	15944.3580	16144.2430	84902	0	1590
2024.06.03	16144.2390	16375.2360	16047.9050	16201.3200	84869	0	1600
2024.06.04	16201.2940	16327.8920	15813.6460	15829.5890	84886	0	1580
2024.06.05	15829.5800	15853.9540	15612.2820	15650.5680	84918	0	1560
2024.06.06	15650.5430	15690.6910	15554.2660	15631.6900	84171	0	1550
2024.06.07	15631.6480	15775.4680	15554.6710	15717.0730	84856	0	1550
2024.06.08	15717.0400	15735.4950	15417.1250	15513.6240	84834	0	1540
2024.06.09	15513.6120	15568.0850	15341.9520	15548.9130	84851	0	1530
2024.06.10	15548.8780	15696.6030	15481.1530	15514.8160	84836	0	1540
2024.06.11	15514.7850	15671.7540	15459.0140	15518.0180	84804	0	1540
2024.06.12	15517.9990	15708.3200	15388.6580	15420.7440	84897	0	1530
2024.06.13	15420.7060	15711.7390	15398.6570	15527.8280	84818	0	1540
2024.06.14	15527.8040	15811.5060	15462.5860	15739.5130	84909	0	1540
2024.06.15	15739.4960	15902.7660	15553.2900	15881.8200	84859	0	1550
2024.06.16	15881.8170	15900.0560	15614.6250	15625.1420	84692	0	1560
2024.06.17	15625.1340	15661.4880	15462.8070	15462.8070	84863	0	1540
2024.06.18	15462.7850	15580.3680	15416.8030	15458.3560	84879	0	1540
2024.06.19	15458.3350	15482.0880	15275.1920	15291.5400	84887	0	1520
2024.06.20	15291.5290	15499.9640	15287.7630	15366.6430	84836	0	1520
2024.06.21	15366.6430	15607.8930	15345.3800	15520.5840	84937	0	1530
2024.06.22	15520.5710	15573.4970	15347.2760	15387.0470	84877	0	1530
2024.06.23	15387.0270	15628.6590	15335.5410	15422.1810	84804	0	1530
2024.06.24	15422.1530	15456.9100	15212.0440	15268.5890	84883	0	1520
2024.06.25	15268.5670	15308.2430	15054.2240	15101.5270	84763	0	1500
2024.06.26	15101.5160	15390.6320	15029.7250	15328.3040	84879	0	1500
2024.06.27	15328.3010	15622.8890	15296.0970	15557.3060	84853	0	1520
2024.06.28	15557.2880	15679.3680	15433.2100	15558.5800	84903	0	1540
2024.06.29	15558.5720	15721.6710	15430.9850	15553.2690	84853	0	1540
2024.06.30	15553.2620	15647.0130	15411.0210	15411.0210	84798	0	1540
2024.07.01	15411.0170	15527.3940	15392.0150	15417.2760	84869	0	1530
2024.07.02	15417.2660	15438.9290	15185.5450	15356.3120	84837	0	1510
2024.07.03	15356.2980	15368.3050	14997.6090	15159.2710	84807	0	1490
2024.07.04	15159.2600	15422.6510	15077.2140	15361.2600	84771	0	1500
2024.07.05	15361.2540	15661.9010	15336.0380	15605.4210	84856	0	1530
2024.07.06	15605.4110	15847.3180	15539.6930	15767.0120	84894	0	1550
2024.07.07	15766.9860	15905.0080	15562.0830	15893.7310	84905	0	1550
2024.07.08	15893.7310	16029.6150	15654.1390	15661.5520	84836	0	1560
2024.07.09	15661.5250	15890.3440	15641.2350	15823.8030	84887	0	1560
2024.07.10	15823.7940	15944.1250	15665.1040	15919.1610	84909	0	1560
2024.07.11	15919.1100	15996.3070	15770.3770	15926.8150	84906	0	1570
2024.07.12	15926.8030	16605.9410	15892.1700	16510.9580	84922	0	1580
2024.07.13	16510.9540	16899.4720	16413.9640	16889.1470	84985	0	1640
2024.07.14	16889.1400	16905.5980	16555.2280	16629.6670	84766	0	1650
2024.07.15	16629.6280	16661.7740	16183.3000	16318.7130	84901	0	1610
2024.07.16	16318.7120	16445.4840	16246.6430	16260.9140	84885	0	1620
2024.07.17	16260.8940	16531.3300	16175.2730	16514.5980	84952	0	1610
2024.07.18	16514.5930	16750.9060	16469.8250	16714.1190	84908	0	1640
2024.07.19	16714.0880	16734.4000	16471.4360	16546.0390	84968	0	1640
2024.07.20	16546.0110	16650.2190	16358.5180	16361.5140	85002	0	1630
2024.07.21	16361.5070	16707.7880	16282.1800	16662.9500	84936	0	1620
2024.07.22	16662.9380	16662.9380	16434.8580	16466.4960	84975	0	1640
2024.07.23	16466.4950	16813.3120	16464.4150	16800.1600	84937	0	1640
2024.07.24	16800.1320	16961.5150	16714.5310	16950.1570	84976	0	1670
2024.07.25	16950.1460	17325.9440	16917.1820	17262.5570	84972	0	1690
2024.07.26	17262.5180	17262.5180	17015.0000	17046.7370	84953	0	1700
2024.07.27	17046.7290	17073.3730	16776.3260	16890.5950	85019	0	1670
2024.07.28	16890.5930	16975.7960	16832.8580	16924.7450	85040	0	1680
2024.07.29	16924.7390	16958.4040	16590.6890	16616.9270	84941	0	1650
2024.07.30	16616.9170	16678.2370	16510.7170	16538.0830	84938	0	1650
2024.07.31	16538.0720	16738.3420	16356.3150	16629.4480	84923	0	1630
2024.08.01	16629.4320	16816.7860	16575.5400	16739.7230	84974	0	1650
2024.08.02	16739.6890	16947.1470	16636.1060	16902.9550	84918	0	1660
2024.08.03	16902.9280	16985.4000	16798.7290	16971.4960	84971	0	1680
2024.08.04	16971.4750	17041.8690	16723.1590	16723.1590	84946	0	1670
2024.08.05	16723.1360	16906.6420	16682.1050	16902.7700	83936	0	1660
2024.08.06	16902.7560	17117.9510	16894.4910	17012.3340	84908	0	1680
2024.08.07	17012.3230	17374.0240	16964.9640	17355.8010	85095	0	1690
2024.08.08	17355.7770	17489.1870	17295.9760	17313.6000	84999	0	1720
2024.08.09	17313.5800	17379.1870	17160.4330	17293.8420	84981	0	1710
2024.08.10	17293.8250	17344.8390	16990.0850	16994.5290	85034	0	1690
2024.08.11	16994.5280	17302.9230	16944.8630	17280.8490	85031	0	1690
2024.08.12	17280.8120	17403.7760	17183.0870	17263.7860	85067	0	1710
2024.08.13	17263.7820	17263.7820	16952.3800	17153.3550	84933	0	1690
2024.08.14	17153.3310	17354.1500	17075.1950	17151.3980	85074	0	1700
2024.08.15	17151.3940	17624.4380	17106.0020	17488.2870	85033	0	1710
2024.08.16	17488.2740	17610.6110	17270.1100	17549.6830	85030	0	1720
2024.08.17	17549.6770	17622.1460	17370.2100	17615.0080	85043	0	1730
2024.08.18	17614.9900	17800.4690	17496.2160	17542.4630	84768	0	1740
2024.08.19	17542.4200	17617.4450	17376.3590	17535.2340	85054	0	1730
2024.08.20	17535.2320	17628.7870	17354.4240	17405.7030	85031	0	1730
2024.08.21	17405.6860	17479.2860	17171.1510	17415.1910	85037	0	1710
2024.08.22	17415.1620	17754.9340	17372.2270	17688.1400	84955	0	1730
2024.08.23	17688.1230	18021.1710	17675.5100	17941.9080	84989	0	1760
2024.08.24	17941.8950	18196.0680	17800.7130	17832.3240	85023	0	1780
2024.08.25	17832.2940	17832.2940	17616.0680	17661.9010	85004	0	1760
2024.08.26	17661.9000	17703.5810	17482.5160	17517.7070	84983	0	1740
2024.08.27	17517.6930	17589.3760	17297.4780	17479.4280	85076	0	1730
2024.08.28	17479.4250	17863.4220	17397.8900	17730.5820	84974	0	1730
2024.08.29	17730.5800	18186.7450	17672.9550	18186.0870	84999	0	1760
2024.08.30	18186.0660	18309.9130	18045.3500	18306.9130	85091	0	1800
2024.08.31	18306.8800	18606.1790	18273.8730	18557.4190	85100	0	1820
2024.09.01	18557.4110	18751.4870	18435.4670	18662.1950	85117	0	1840
2024.09.02	18662.1710	18669.3380	18444.6450	18518.5780	85087	0	1840
2024.09.03	18518.5560	18636.6700	18292.1270	18341.8510	85129	0	1820
2024.09.04	18341.8310	18341.8310	18113.5910	18130.3850	85076	0	1810
2024.09.05	18130.3610	18316.1200	18114.4990	18311.0940	85081	0	1810
2024.09.06	18311.0650	18765.1330	18284.7920	18610.3640	85073	0	1820
2024.09.07	18610.3430	18769.5920	18516.7340	18530.9140	85123	0	1850
2024.09.08	18530.8970	18626.6900	18405.1650	18430.4600	85089	0	1840
2024.09.09	18430.4420	18945.6420	18415.7680	18928.7060	85087	0	1840
2024.09.10	18928.6870	19028.7080	18789.8560	18789.8560	85155	0	1870
2024.09.11	18789.8400	19247.4380	18737.4210	19215.7610	85179	0	1870
2024.09.12	19215.7600	19658.9770	19179.9950	19558.7630	85137	0	1910
2024.09.13	19558.7310	19558.7310	19213.6150	19442.2460	85220	0	1920
2024.09.14	19442.2200	19554.1570	19227.0380	19392.8470	85101	0	1920
2024.09.15	19392.7970	19778.6580	19324.3810	19737.9070	84937	0	1930
2024.09.16	19737.8950	19737.8950	19356.8020	19407.0630	85221	0	1930
2024.09.17	19407.0280	19590.3300	19275.5580	19509.1850	85117	0	1920
2024.09.18	19509.1730	19650.7030	19374.0400	19494.7710	85199	0	1930
2024.09.19	19494.7340	19892.9820	19469.4510	19765.2900	85221	0	1940
2024.09.20	19765.2630	20099.7180	19752.2630	19987.0340	85236	0	1970
2024.09.21	19987.0200	20042.4580	19809.3880	19906.8350	85228	0	1980
2024.09.22	19906.8070	19937.4920	19403.5220	19403.5220	85164	0	1940
2024.09.23	19403.4950	19706.1790	19280.4520	19338.0910	85179	0	1920
2024.09.24	19338.0910	19564.7800	19232.9770	19451.4710	85188	0	1920
2024.09.25	19451.4320	19648.5600	19325.1075	19609.1070	81676	0	1930
2024.09.26	19609.0960	20012.4110	19596.8380	19926.3470	85183	0	1950
2024.09.27	19926.3290	20155.7140	19894.9990	19973.1900	85163	0	1980
2024.09.28	19973.1770	19976.4080	19595.9690	19641.7550	85219	0	1950
2024.09.29	19641.7390	19683.3550	19271.3610	19305.0930	85168	0	1920
2024.09.30	19305.0650	19407.1330	19058.1780	19110.7660	85168	0	1900
2024.10.01	19110.7610	19193.4910	18949.9470	19010.6070	85153	0	1890
2024.10.02	19010.5630	19198.9810	18967.2830	19115.9100	85144	0	1890
2024.10.03	19115.8940	19177.9930	18775.2760	18778.4720	85219	0	1870
2024.10.04	18778.4520	18868.8640	18555.7090	18601.2410	85139	0	1850
2024.10.05	18601.2180	18656.8600	18095.9100	18143.1050	85124	0	1800
2024.10.06	18143.0820	18222.1180	18006.5870	18078.4820	85099	0	1800
2024.10.07	18078.4730	18238.1060	17864.3870	18154.4850	85159	0	1780
2024.10.08	18154.4730	18163.5890	17878.2800	17911.2630	85066	0	1780
2024.10.09	17911.2370	18125.3630	17899.8860	18119.0300	85059	0	1790
2024.10.10	18119.0260	18180.2540	17896.9490	18153.8680	85111	0	1780
2024.10.11	18153.8390	18742.4000	18143.7710	18684.0640	85106	0	1810
2024.10.12	18684.0360	18895.1200	18467.3920	18831.1080	85106	0	1840
2024.10.13	18831.0650	18966.1440	18666.5510	18887.3280	84930	0	1860
2024.10.14	18887.3260	19400.7050	18887.0480	19379.5620	85215	0	1880
2024.10.15	19379.5500	19594.1660	19334.2640	19494.9030	85157	0	1930
2024.10.16	19494.8560	19559.4720	19376.6560	19529.3710	85216	0	1930
2024.10.17	19529.3690	19607.1930	19337.7590	19565.6870	85193	0	1930
2024.10.18	19565.6740	19700.4640	19489.2600	19518.2340	85213	0	1940
2024.10.19	19518.2000	19601.0590	19352.6660	19451.0180	85206	0	1930
2024.10.20	19450.9860	19707.0020	19337.0420	19615.1880	85196	0	1930
2024.10.21	19615.1600	19625.2590	19375.8980	19499.1110	85215	0	1930
2024.10.22	19499.0900	19789.8690	19454.3240	19707.7690	85125	0	1940
2024.10.23	19707.7250	19791.7800	19424.8760	19424.8760	85208	0	1940
2024.10.24	19424.8480	19426.0350	19214.3360	19214.3360	85161	0	1920
2024.10.25	19214.3090	19365.2300	19098.3490	19209.2070	85152	0	1900
2024.10.26	19209.2020	19422.4340	19101.6370	19380.1920	85209	0	1910
2024.10.27	19380.1670	19597.8550	19290.4640	19331.8380	85165	0	1920
2024.10.28	19331.8250	19520.0720	19285.6960	19452.4410	85223	0	1920
2024.10.29	19452.4000	19567.9810	19332.5090	19385.4160	85188	0	1930
2024.10.30	19385.4040	19537.4050	19320.5410	19428.5310	85177	0	1930
2024.10.31	19428.5250	19780.4580	19207.8400	19776.8530	85144	0	1920
2024.11.01	19776.8120	20021.0360	19698.6070	19963.6300	85130	0	1970
2024.11.02	19963.6030	20221.3130	19910.3030	20150.8740	85207	0	1990
2024.11.03	20150.8440	20394.4730	20131.7190	20341.1370	85218	0	2010
2024.11.04	20341.1240	20676.6360	20275.5890	20484.0060	85295	0	2020
2024.11.05	20483.9710	20535.8080	20239.9110	20310.8130	85218	0	2020
2024.11.06	20310.8080	20454.1800	20069.4390	20100.2150	85286	0	2000
2024.11.07	20100.1820	20178.8410	19924.1130	20142.7050	85214	0	1990
2024.11.08	20142.6690	20416.5070	20065.9710	20065.9710	85155	0	2000
2024.11.09	20065.9640	20149.7350	19926.2970	20142.7130	85185	0	1990
2024.11.10	20142.7130	20249.9650	19497.5040	19513.2390	85223	0	1940
2024.11.11	19513.2150	19773.9250	19404.5480	19761.2840	85201	0	1940
2024.11.12	19761.2490	20161.0690	19752.1880	20155.1470	85174	0	1970
2024.11.13	20155.1070	20654.7980	20111.9400	20558.2150	85184	0	2010
2024.11.14	20558.2150	20888.0080	20464.9680	20768.1980	85251	0	2040
2024.11.15	20768.1600	20925.3670	20585.7230	20585.7230	85201	0	2050
2024.11.16	20585.7020	20638.0490	20261.4820	20276.6950	85194	0	2020
2024.11.17	20276.6600	20276.6600	20047.5270	20172.3220	84991	0	2000
2024.11.18	20172.3050	20349.2760	20112.6220	20112.6220	85216	0	2010
2024.11.19	20112.6020	20327.0400	20104.0720	20114.4510	85182	0	2010
2024.11.20	20114.3950	20418.5890	20016.2150	20206.4720	85216	0	2000
2024.11.21	20206.4430	20432.2520	20047.4900	20362.0740	85209	0	2000
2024.11.22	20362.0730	20883.0140	20326.9500	20850.7270	85194	0	2030
2024.11.23	20850.6960	21044.2680	20688.1830	20849.0660	85282	0	2060
2024.11.24	20849.0570	20994.5840	20638.4760	20638.4760	85166	0	2060
2024.11.25	20638.4440	20659.2370	20380.1360	20403.3800	85248	0	2030
2024.11.26	20403.3470	20717.1880	20277.0560	20671.5150	85210	0	2020
2024.11.27	20671.4910	20858.6900	20593.0900	20593.0900	85204	0	2050
2024.11.28	20593.0840	20679.9540	20396.5680	20641.3290	85272	0	2030
2024.11.29	20641.3030	20836.4730	20472.4430	20786.2370	85216	0	2040
2024.11.30	20786.2200	21230.6580	20760.7400	21186.4720	85291	0	2070
2024.12.01	21186.4460	21234.8160	20802.9150	20837.5200	85251	0	2080
2024.12.02	20837.5160	20881.6130	20321.0360	20559.5590	85223	0	2030
2024.12.03	20559.5550	20709.0630	20414.5030	20629.0420	85272	0	2040
2024.12.04	20629.0300	20693.8040	20393.2280	20393.2280	85212	0	2030
2024.12.05	20393.2150	20647.3700	20366.1160	20463.3840	85228	0	2030
2024.12.06	20463.3840	21094.0930	20463.3410	21061.1510	85267	0	2040
2024.12.07	21061.1060	21091.7000	20513.1060	20599.0900	85242	0	2050
2024.12.08	20599.0440	20642.4520	20340.6970	20612.2800	85230	0	2030
2024.12.09	20612.2590	20647.4090	20293.3130	20470.8950	85230	0	2020
2024.12.10	20470.8850	20480.6700	19863.4260	19863.4260	85188	0	1980
2024.12.11	19863.4130	20072.1300	19752.5760	19987.2610	85222	0	1970
2024.12.12	19987.2340	20223.7460	19863.9400	19931.6140	85210	0	1980
2024.12.13	19931.5990	19962.3190	19715.5850	19753.2510	85249	0	1970
2024.12.14	19753.2440	19972.3150	19703.3880	19813.6880	85216	0	1970
2024.12.15	19813.6850	20043.2490	19787.2350	19982.0410	85023	0	1970
2024.12.16	19982.0290	20069.9180	19784.8060	20039.0930	85163	0	1970
2024.12.17	20039.0790	20092.3220	19845.3960	19872.4600	85177	0	1980
2024.12.18	19872.4190	20127.1710	19747.1370	19758.4680	85199	0	1970
2024.12.19	19758.4670	20368.5040	19754.2420	20362.8000	85189	0	1970
2024.12.20	20362.7990	20486.5660	20208.5790	20408.9520	85195	0	2020
2024.12.21	20408.9510	20408.9510	19979.4590	20093.4120	85204	0	1990
2024.12.22	20093.3780	20344.5200	19918.9320	20105.7450	85175	0	1990
2024.12.23	20105.7290	20348.5960	20052.2360	20215.2420	85255	0	2000
2024.12.24	20215.1840	20357.4220	20045.9180	20328.1300	85208	0	2000
2024.12.25	20328.1250	20606.5120	20262.6010	20529.0150	85262	0	2020
2024.12.26	20529.0000	20613.8990	20188.0970	20221.2630	85237	0	2010
2024.12.27	20221.2430	20333.5180	20005.3440	20147.5170	85218	0	2000
2024.12.28	20147.5080	20155.4030	19907.1030	19907.1030	85247	0	1990
2024.12.29	19907.0890	20314.5870	19862.7250	20253.2420	85195	0	1980
2024.12.30	20253.2230	20303.9960	20006.1240	20191.8140	85235	0	2000
2024.12.31	20191.7990	20345.8920	20140.7850	20320.1560	85239	0	2010
2025.01.01	20320.1130	20453.0840	20191.3660	20239.3150	85260	0	2010
2025.01.02	20239.2960	20279.7170	20063.3480	20122.2780	85193	0	2000
2025.01.03	20122.2770	20158.3660	19797.9400	20155.4160	85194	0	1980
2025.01.04	20155.4140	20363.5450	19997.5850	20075.8010	85212	0	2000
2025.01.05	20075.7970	20142.0110	19792.8010	20103.0440	85077	0	1970
2025.01.06	20103.0410	20175.1370	19911.4010	20158.6090	85239	0	1990
2025.01.07	20158.5720	20382.7850	20081.0430	20124.8510	85245	0	2000
2025.01.08	20124.8450	20353.1780	20085.3730	20311.9510	85227	0	2000
2025.01.09	20311.9330	20323.7090	19846.5370	19964.6050	85230	0	1980
2025.01.10	19964.6050	19970.0970	19659.8330	19659.8330	85196	0	1960
2025.01.11	19659.8040	19662.2150	19322.6120	19379.2090	85153	0	1930
2025.01.12	19379.1910	19471.7340	19120.3510	19470.1370	85111	0	1910
2025.01.13	19470.1300	19484.9980	19266.1760	19457.0320	84375	0	1920
2025.01.14	19457.0110	19602.1420	19309.2980	19401.8380	85224	0	1930
2025.01.15	19401.8370	19401.8370	19047.5430	19059.6650	85120	0	1900
2025.01.16	19059.6580	19202.2060	18936.9210	19041.8610	85184	0	1890
2025.01.17	19041.8500	19385.8880	19037.5560	19253.1000	85129	0	1900
2025.01.18	19253.0730	19279.2520	18977.2330	19258.2160	85100	0	1890
2025.01.19	19258.1970	19702.7850	19227.7980	19659.5160	84987	0	1920
2025.01.20	19659.4970	19730.7650	19418.4340	19695.2240	85167	0	1940
2025.01.21	19695.2070	19965.6300	19570.2410	19850.4280	85263	0	1950
2025.01.22	19850.4060	20374.7560	19784.3450	20169.3580	85266	0	1970
2025.01.23	20169.3540	20221.5330	19884.0790	19884.9650	85253	0	1980
2025.01.24	19884.9270	20155.3920	19685.6280	20112.4880	85245	0	1960
2025.01.25	20112.4740	20230.6520	19978.2540	20200.5830	85236	0	1990
2025.01.26	20200.5450	20342.9050	20105.5640	20250.6860	85159	0	2010
2025.01.27	20250.6500	20524.7820	20090.9850	20480.2400	85183	0	2000
2025.01.28	20480.1950	20565.0620	20264.6570	20333.5270	85221	0	2020
2025.01.29	20333.4900	20766.3420	20320.7240	20540.2710	85216	0	2030
2025.01.30	20540.2630	20765.0850	20341.8840	20383.9040	85299	0	2030
2025.01.31	20383.8840	20593.0970	20382.7420	20432.1130	85275	0	2030
2025.02.01	20432.1000	20540.6920	20290.0730	20420.2250	85203	0	2020
2025.02.02	20420.2230	20599.4250	20158.3060	20165.4460	85242	0	2010
2025.02.03	20165.4310	20563.7210	20057.7700	20552.0360	85230	0	2000
2025.02.04	20552.0260	20565.3780	20263.6090	20514.4110	85240	0	2020
2025.02.05	20514.3980	20695.5880	20388.1320	20443.5230	85214	0	2030
2025.02.06	20443.4910	20534.1310	20239.7350	20352.6010	85224	0	2020
2025.02.07	20352.5930	20762.9150	20350.9300	20496.5330	85258	0	2030
2025.02.08	20496.5050	20800.0610	20413.0170	20689.5100	85245	0	2040
2025.02.09	20689.4920	21028.3070	20505.7670	20964.9710	85238	0	2050
